areaID,City Name,Country,Region,CBD Latitude,CBD Longitude,Population,BU_area(ha),Urban Built-up Area (ha),Urbanized Open Space  (ha),Urban Extent (ha),Built-up Area Density (persons/ha),Urban Extent Density (persons / ha),Frgmentation: Saturation  (Built-up Area/Urban Extent), Fragmentation: Openness index,Compactness: Proximity index,Compactness: Cohesion index,Share of Built-up Area Occupied by Roads(90-15),the 4-Way Intersection Density (number per km2_90_15 ),Share of Built-up Area That Is Gridded(90_15)
0,Kabul,Afghanistan,South and Central Asia,34.529,69.172,3536646,22872,18514,11537,34409,155,103,0.66,0.28,0.8,0.79,0.2,17.8,0.05
1,Algiers,Algeria,Western Asia and North Africa,36.732,3.14,3085561,27798,20537,17014,44812,111,69,0.62,0.33,0.72,0.7,0.25,14.1,0.08
2,Tebessa,Algeria,Western Asia and North Africa,35.416,8.108,203543,2579,2022,1088,3667,79,56,0.7,0.27,0.85,0.83,0.23,57.2,0
3,Luanda,Angola,Sub-Saharan Africa,-8.825,13.26,5555024,36891,31702,14076,50967,151,109,0.72,0.2,0.87,0.86,0.17,29.3,0
4,Buenos_Aires,Argentina,Latin America and the Caribbean,-34.652,-58.547,13879006,147306,132652,46088,193394,94,72,0.76,0.17,0.82,0.81,0.15,41.5,0.73
5,Cordoba,Argentina,Latin America and the Caribbean,-31.381,-64.216,1392944,24542,20270,10945,35487,57,39,0.69,0.23,0.87,0.86,0.21,25.2,0.15
6,Sydney,Australia,Land-Rich Developed Countries,151.071,-33.798,4114435,110033,90790,52493,162527,37,25,0.68,0.28,0.81,0.79,0.2,3.1,0.03
7,Vienna,Austria,Europe and Japan,48.124,16.346,2025195,36563,28833,16785,53347,55,38,0.69,0.29,0.72,0.7,0.18,16.5,0
8,Baku,Azerbaijan,Western Asia and North Africa,40.4,49.881,1671787,18670,16498,6992,25662,90,65,0.73,0.24,0.82,0.82,0.18,6.7,0.03
9,Dhaka,Bangladesh,South and Central Asia,23.766,90.418,13609023,24676,19795,11865,36541,552,372,0.68,0.29,0.65,0.64,0.12,7.6,0
10,Rajshahi,Bangladesh,South and Central Asia,24.367,88.6,517053,3234,1668,2775,6009,160,86,0.54,0.47,0.62,0.61,0.12,4,0
11,Saidpur,Bangladesh,South and Central Asia,25.802,88.881,111029,871,572,586,1457,127,76,0.6,0.38,0.81,0.8,0.15,6.1,
12,Gomel,Belarus,Europe and Japan,52.432,30.972,508557,9573,7764,4013,13587,53,37,0.7,0.28,0.78,0.75,0.16,16.7,0
13,Antwerp,Belgium,Europe and Japan,51.22,4.403,1277376,43115,27604,32288,75403,30,17,0.57,0.4,0.76,0.75,0.13,6.4,0
14,Cochabamba,Bolivia,Latin America and the Caribbean,-17.391,-66.17,1034944,16736,12831,9559,26295,62,39,0.64,0.29,0.69,0.67,0.19,26.4,0
15,Ilheus,Brazil,Latin America and the Caribbean,-14.803,-39.045,97888,1513,1023,570,2083,65,47,0.73,0.38,0.56,0.54,0.21,17.5,0.1
16,Jequié,Brazil,Latin America and the Caribbean,-13.862,-40.085,128045,2511,2075,959,3470,51,37,0.72,0.26,0.82,0.81,0.26,46.8,0.11
17,Belo HorizonteBelo_Horizonte,Brazil,Latin America and the Caribbean,-19.904,-44.005,4038047,48701,43236,15850,64552,83,63,0.75,0.18,0.85,0.84,0.2,8.7,0.03
18,Curitiba,Brazil,Latin America and the Caribbean,-25.463,-49.254,2728388,44527,37503,19499,64027,61,43,0.7,0.25,0.89,0.87,0.16,19.6,0.18
19,Florianopolis,Brazil,Latin America and the Caribbean,-27.595,-48.613,532951,10210,7748,5640,15850,52,34,0.64,0.33,0.65,0.64,0.19,11.7,0
20,Sao_Paulo,Brazil,Latin America and the Caribbean,-23.534,-46.615,19609222,172428,158290,39480,211908,114,93,0.81,0.14,0.86,0.85,0.22,5.4,0.03
21,Ribeirao_Preto,Brazil,Latin America and the Caribbean,-21.172,-47.798,607350,10917,9385,4127,15044,56,40,0.73,0.22,0.91,0.9,0.27,16.1,0.05
22,Palmas,Brazil,Latin America and the Caribbean,-10.189,-48.33,154873,4228,3510,1944,6172,37,25,0.69,0.27,0.82,0.82,0.37,43,0
23,Victoria,Canada,Land-Rich Developed Countries,48.456,-123.401,318267,13351,10150,7295,20646,24,15,0.65,0.32,0.62,0.61,0.17,3.5,0
24,Montreal,Canada,Land-Rich Developed Countries,45.534,-73.658,3317850,89185,81093,23814,113000,37,29,0.79,0.19,0.79,0.77,0.19,6.6,0
25,Santiago,Chile,Latin America and the Caribbean,-33.491,-70.67,6486535,60381,53985,15727,76108,107,85,0.79,0.15,0.85,0.83,0.18,19.9,0.05
26,Anqing,China,East Asia and the Pacific,30.536,117.05,642626,8779,6077,5964,14742,73,44,0.6,0.35,0.77,0.74,0.25,14.6,0.03
27,Yulin,China,East Asia and the Pacific,22.611,110.139,633381,10753,5833,7340,18093,59,35,0.59,0.41,0.69,0.68,0.15,6.3,0
28,Bijie,China,East Asia and the Pacific,26.68,105.769,117083,673,454,400,1072,174,109,0.63,0.37,0.82,0.81,0.12,2.7,0
29,Zunyi,China,East Asia and the Pacific,27.696,106.925,534107,5569,4204,3105,8674,96,62,0.64,0.33,0.78,0.77,0.17,6.6,0
30,Haikou,China,East Asia and the Pacific,20.028,110.329,1247662,8867,6817,5129,13996,141,89,0.63,0.35,0.85,0.83,0.21,6.8,0
31,Tangshan,China,East Asia and the Pacific,39.648,118.19,2699870,58221,39211,32014,90235,46,30,0.65,0.36,0.7,0.69,0.17,19.5,0
32,Zhengzhou,China,East Asia and the Pacific,34.756,113.637,7156619,137261,96929,73085,210346,52,34,0.65,0.33,0.76,0.76,0.2,16.3,0
33,Wuhan,China,East Asia and the Pacific,30.576,114.295,8174063,102833,63008,80891,183723,79,44,0.56,0.38,0.76,0.75,0.23,23.6,0
34,Yiyang,China,East Asia and the Pacific,28.587,112.356,412685,9951,6473,7353,17304,41,24,0.58,0.37,0.85,0.84,0.16,5.1,0
35,Changzhou,China,East Asia and the Pacific,31.775,119.97,3075746,49226,38358,28475,77700,62,40,0.63,0.31,0.87,0.85,0.27,14.4,0
36,Xucheng,China,East Asia and the Pacific,33.004,118.507,176753,3480,2420,2572,6052,51,29,0.57,0.4,0.92,0.92,0.24,12.6,0
37,Gaoyou,China,East Asia and the Pacific,32.792,119.43,186351,5336,4252,2111,7446,35,25,0.72,0.27,0.83,0.81,0.23,14.5,
38,Pingxiang,China,East Asia and the Pacific,27.643,113.851,757573,15265,7894,15550,30815,50,25,0.5,0.45,0.69,0.7,0.12,26.5,0
39,Xianyang,China,East Asia and the Pacific,34.308,108.463,193390,2728,1289,2794,5522,71,35,0.49,0.47,0.63,0.61,0.17,15,0
40,Jinan,China,East Asia and the Pacific,36.682,117.02,3316828,45089,34839,20999,66087,74,50,0.68,0.27,0.79,0.79,0.22,14.5,0
41,Yanggu,China,East Asia and the Pacific,36.116,115.786,221306,6498,2193,6710,13207,34,17,0.49,0.52,0.76,0.73,0.15,31.9,0
42,Qingdao,China,East Asia and the Pacific,36.22,120.403,4501931,71528,58008,30971,102499,63,44,0.7,0.26,0.8,0.79,0.24,51,0
43,Shanghai,China,East Asia and the Pacific,31.25,121.44,24387272,320046,269340,148826,468872,76,52,0.68,0.25,0.96,0.95,0.22,10.2,0.08
44,Changzhi,China,East Asia and the Pacific,36.192,113.116,822355,11526,7712,8192,19718,71,42,0.58,0.36,0.58,0.61,0.23,22.1,0.03
45,Chengdu,China,East Asia and the Pacific,30.667,104.051,9339734,114992,93115,52688,167680,81,56,0.69,0.25,0.79,0.76,0.21,10.7,0.03
46,Leshan,China,East Asia and the Pacific,29.591,103.754,524838,8391,4909,5680,14070,63,37,0.6,0.41,0.71,0.7,0.18,6,0
47,Suining,China,East Asia and the Pacific,30.524,105.564,439801,1940,1336,1087,3027,227,145,0.64,0.36,0.62,0.64,0.28,15.2,0
48,Yucheng,China,East Asia and the Pacific,28.125,121.247,485305,9112,6861,4567,13679,53,35,0.67,0.34,0.67,0.68,0.2,18.5,0
49,Valledupar,Colombia,Latin America and the Caribbean,10.464,-73.261,392935,2688,2336,937,3625,146,108,0.74,0.22,0.96,0.96,0.26,90.9,0.3
50,Bogota,Colombia,Latin America and the Caribbean,4.644,-74.129,7801693,31895,29663,7828,39723,245,196,0.8,0.16,0.87,0.86,0.23,39.8,0.1
51,Holguín,Cuba,Latin America and the Caribbean,20.883,-76.263,263345,2157,1523,1219,3376,122,78,0.64,0.34,0.88,0.86,0.21,13.6,0
52,Lubumbashi,Congo Dem. Rep.,Sub-Saharan Africa,-11.677,27.48,1746415,15865,14179,6234,22098,110,79,0.72,0.22,0.96,0.96,0.16,30.3,0
53,Kinshasa,Congo Dem. Rep.,Sub-Saharan Africa,-4.374,15.32,10226183,33763,30057,11918,45681,303,224,0.74,0.22,0.79,0.78,0.13,25.4,0.05
54,Quito,Ecuador,Latin America and the Caribbean,-0.135,-78.443,2173697,22665,16057,15643,38308,96,57,0.59,0.34,0.69,0.69,0.22,19.8,0.03
55,Alexandria,Egypt,Western Asia and North Africa,31.152,29.884,4345193,22782,18900,7637,30418,191,143,0.75,0.24,0.41,0.41,0.23,26.4,0
56,Cairo,Egypt,Western Asia and North Africa,30.034,31.282,15734934,93093,74782,43303,136396,169,115,0.68,0.26,0.71,0.69,0.24,30.5,0.08
57,San_Salvador,El Salvador,Latin America and the Caribbean,13.7,-89.201,1693748,16889,14155,6970,23859,100,71,0.71,0.23,0.78,0.75,0.23,28.1,0
58,Addis Abeba,Ethiopia,Sub-Saharan Africa,9.001,38.756,3009130,21133,18483,8495,29628,142,102,0.71,0.24,0.84,0.82,0.22,28.2,0.3
59,Suva,Fiji,East Asia and the Pacific,-18.142,178.441,182140,2846,1962,1876,4722,64,39,0.6,0.4,0.7,0.7,0.13,1.3,0
60,Paris,France,Europe and Japan,48.863,2.315,11114026,198626,166725,79222,277848,56,40,0.71,0.23,0.85,0.83,0.15,9.9,0
61,Le_Mans,France,Europe and Japan,47.989,0.199,179135,5974,4788,2571,8545,30,21,0.7,0.25,0.83,0.82,0.21,13.9,0
62,Berlin,Germany,Europe and Japan,52.502,13.453,3860243,68743,53160,40283,109026,56,35,0.63,0.34,0.81,0.78,0.18,14.4,0
63,Oldenburg,Germany,Europe and Japan,53.148,8.207,158329,3781,2546,3120,6900,42,23,0.55,0.43,0.9,0.89,0.18,9.9,0
64,Halle,Germany,Europe and Japan,51.487,11.97,235706,6721,5131,3073,9793,35,24,0.69,0.29,0.88,0.86,0.15,11,0
65,Accra,Ghana,Sub-Saharan Africa,5.615,-0.159,4429649,61781,52848,25431,87212,72,51,0.71,0.22,0.72,0.71,0.14,8.9,0.1
66,Thessaloniki,Greece,Europe and Japan,40.65,22.916,859431,10568,8009,5879,16447,81,52,0.64,0.3,0.66,0.66,0.21,9.5,0
67,Guatemala_City,Guatemala,Latin America and the Caribbean,14.605,-90.542,2654085,26506,22402,11059,37566,100,71,0.71,0.23,0.87,0.85,0.2,21.1,0.03
68,Budapest,Hungary,Europe and Japan,47.484,19.09,2272785,52029,42061,23686,75715,44,30,0.69,0.27,0.79,0.76,0.16,14.3,0.15
69,Hindupur,India,South and Central Asia,13.838,77.488,106830,445,190,404,849,240,126,0.52,0.51,0.85,0.84,0.2,56,0
70,Vijayawada,India,South and Central Asia,16.515,80.641,1210498,4664,3662,1935,6599,260,183,0.71,0.29,0.76,0.74,0.18,17.2,0
71,Ahmadabad,India,South and Central Asia,23.037,72.589,6232952,21103,18932,6306,27409,295,227,0.77,0.19,0.94,0.93,0.24,27.9,0
72,Belgaum,India,South and Central Asia,15.85,74.506,636865,2779,1563,2278,5057,229,126,0.55,0.45,0.73,0.72,0.23,21.9,0.03
73,Kozhikode,India,South and Central Asia,11.254,75.803,1171852,11232,5078,12409,23642,104,50,0.48,0.49,0.64,0.64,0.08,10,0
74,Singrauli,India,South and Central Asia,82.671,24.2,136936,1739,968,1617,3356,79,41,0.52,0.47,0.76,0.76,0.19,12,0
75,Jalna,India,South and Central Asia,19.851,75.878,278314,1509,1144,869,2377,184,117,0.63,0.35,0.82,0.81,0.18,28.2,0
76,Mumbai,India,South and Central Asia,19.115,72.913,19601845,53135,45590,17398,70533,369,278,0.75,0.21,0.66,0.66,0.2,13,0.03
77,Malegaon,India,South and Central Asia,20.562,74.52,461737,1432,995,1094,2526,322,183,0.57,0.41,0.91,0.91,0.27,54.9,0
78,Parbhani,India,South and Central Asia,19.28,76.765,382635,1868,1550,785,2653,205,144,0.7,0.27,0.88,0.88,0.27,104.4,0
79,Pune,India,South and Central Asia,18.524,73.864,5509160,32338,27021,13606,45944,170,120,0.7,0.26,0.85,0.85,0.21,4.5,0
80,Jaipur,India,South and Central Asia,26.911,75.787,2938602,19218,14570,11172,30390,153,97,0.63,0.29,0.87,0.86,0.27,17.2,0
81,Coimbatore,India,South and Central Asia,11.015,76.973,1650080,12191,7734,10243,22434,135,74,0.54,0.4,0.77,0.75,0.24,19.1,0
82,Hyderabad,India,South and Central Asia,17.422,78.484,7609285,46168,36294,26829,72998,165,104,0.63,0.29,0.91,0.89,0.21,43.3,0
83,Kanpur,India,South and Central Asia,26.457,80.31,2795714,14405,11826,6263,20667,194,135,0.7,0.25,0.82,0.8,0.23,33.5,0.03
84,Sitapur,India,South and Central Asia,27.568,80.692,139273,1271,823,907,2178,110,64,0.58,0.41,0.82,0.81,0.25,6.8,0
85,Kolkata,India,South and Central Asia,22.533,88.356,15123555,60278,44343,36590,96868,251,156,0.62,0.32,0.7,0.7,0.1,5.7,0.03
86,Cirebon,Indonesia,Southeast Asia,-6.702,108.497,1044889,6404,3719,4471,10875,163,96,0.59,0.42,0.7,0.68,0.14,11.4,0
87,Parepare,Indonesia,Southeast Asia,119.633,-4.023,104563,662,349,467,1130,158,93,0.59,0.45,0.69,0.69,0.11,19.8,0
88,Palembang,Indonesia,Southeast Asia,-2.958,104.736,1721220,20960,16507,10788,31748,82,54,0.66,0.29,0.86,0.84,0.14,6.9,0
89,Medan,Indonesia,Southeast Asia,3.596,98.651,3771804,39096,28464,22461,61557,96,61,0.64,0.31,0.75,0.73,0.11,4.1,0
90,Pematangsiantar,Indonesia,Southeast Asia,2.962,99.074,219790,1650,1296,920,2571,133,86,0.64,0.32,0.92,0.91,0.14,6.8,0
91,Gorgan,Iran,South and Central Asia,36.843,54.436,375741,3235,2571,1288,4523,116,83,0.72,0.26,0.86,0.84,0.24,15.2,0
92,Ahvaz,Iran,South and Central Asia,31.32,48.665,1178560,12873,10520,6026,18899,92,62,0.68,0.28,0.81,0.79,0.23,19.1,0
93,Qom,Iran,South and Central Asia,34.64,50.876,1071783,8404,6777,3216,11620,128,92,0.72,0.25,0.78,0.76,0.29,14.5,0
94,Tehran,Iran,South and Central Asia,35.705,51.384,9675929,61367,54161,17030,78398,158,123,0.78,0.19,0.79,0.77,0.28,23.5,0
95,Baghdad,Iraq,Western Asia and North Africa,33.32,44.379,5279193,56288,48597,21207,77496,94,68,0.73,0.24,0.84,0.81,0.24,17.3,0
96,Milan,Italy,Europe and Japan,45.608,9.222,6402051,178364,136814,98813,277177,36,23,0.64,0.31,0.77,0.76,0.18,14,0
97,Palermo,Italy,Europe and Japan,38.135,13.33,822940,13249,9888,7639,20888,62,39,0.63,0.32,0.58,0.57,0.19,10.2,0
98,Fukuoka,Japan,Europe and Japan,33.598,130.437,2306030,34507,30259,10996,45503,67,51,0.76,0.21,0.69,0.67,0.29,54.9,0
99,Okayama,Japan,Europe and Japan,34.657,133.949,1277186,45925,33465,26516,72442,28,18,0.63,0.34,0.77,0.75,0.23,38.2,0
100,Osaka,Japan,Europe and Japan,34.718,135.389,8709527,95077,89230,18681,113758,92,77,0.84,0.14,0.77,0.76,0.26,38,0
101,Tokyo,Japan,Europe and Japan,35.682,139.649,34765638,448929,380755,194311,643240,77,54,0.7,0.23,0.84,0.82,0.25,47.2,0.03
102,Yamaguchi,Japan,Europe and Japan,34.155,131.458,244194,11841,7377,8165,20007,21,12,0.59,0.38,0.58,0.59,0.29,42,0
103,Shymkent,Kazakhstan,South and Central Asia,42.315,69.63,651614,19457,15179,10279,29736,33,22,0.65,0.28,0.72,0.7,0.17,13.3,0
104,Nakuru,Kenya,Sub-Saharan Africa,-0.294,36.058,326160,4729,2762,4395,9124,69,36,0.52,0.43,0.67,0.68,0.21,16.8,0
105,Kaunas,Lithuania,Europe and Japan,54.903,23.925,298743,8090,6479,4064,12154,37,25,0.67,0.31,0.81,0.79,0.12,7.2,0
106,Ipoh,Malaysia,Southeast Asia,4.59,101.077,793675,25310,20444,13065,38374,31,21,0.66,0.31,0.76,0.74,0.3,8.1,0.03
107,Rawang,Malaysia,Southeast Asia,3.33,101.577,236967,4876,2610,4344,9220,49,26,0.53,0.48,0.65,0.65,0.29,13.8,0
108,Bamako,Mali,Sub-Saharan Africa,12.65,-8,2358106,17644,14501,7894,25538,134,92,0.69,0.25,0.82,0.81,0.2,45.6,0.18
109,Tijuana,Mexico,Latin America and the Caribbean,32.499,-116.97,1706084,28626,25718,7916,36543,60,47,0.78,0.17,0.85,0.83,0.26,27.9,0.13
110,Guadalajara,Mexico,Latin America and the Caribbean,20.66,-103.357,4375721,51625,44886,17191,68816,85,64,0.75,0.2,0.88,0.87,0.27,19.2,0.08
111,Mexico_City,Mexico,Latin America and the Caribbean,19.446,-99.123,17765121,161821,144222,48198,210020,110,85,0.77,0.16,0.84,0.82,0.23,24.8,0.08
112,Culiacan,Mexico,Latin America and the Caribbean,24.798,-107.402,625346,11563,10008,3839,15402,54,41,0.75,0.21,0.9,0.89,0.29,35.4,0.08
113,Reynosa,Mexico,Latin America and the Caribbean,26.063,-98.302,479078,12028,10006,4356,16384,40,29,0.73,0.23,0.8,0.79,0.3,50.7,0.05
114,Ulaanbaatar,Mongolia,East Asia and the Pacific,47.93,106.889,1070573,15493,13567,4558,20051,69,53,0.77,0.19,0.8,0.78,0.12,9.6,0
115,Marrakesh,Morocco,Western Asia and North Africa,31.636,-8.021,770422,9999,8252,4303,14302,77,54,0.7,0.26,0.71,0.7,0.26,26.9,0
116,Beira,Mozambique,Sub-Saharan Africa,-19.831,34.86,382575,6208,3225,5944,12153,62,31,0.51,0.48,0.4,0.43,0.11,7.6,0.08
117,Myeik,Myanmar,Southeast Asia,12.448,98.618,216734,1079,553,861,1940,201,112,0.56,0.44,0.82,0.81,0.13,19.8,0
118,Pokhara,Nepal,South and Central Asia,28.22,83.98,272830,1630,1213,1036,2667,167,102,0.61,0.37,0.86,0.84,0.17,6.9,0
119,Zwolle,Netherlands,Europe and Japan,52.513,6.09,108237,3197,2743,1125,4322,34,25,0.74,0.25,0.9,0.88,0.26,47,0
120,Auckland,New Zealand,Land-Rich Developed Countries,-36.915,174.786,1300733,34602,30012,14225,48826,38,27,0.71,0.29,0.73,0.72,0.19,5.8,0
121,Leon,Nicaragua,Latin America and the Caribbean,12.438,-86.878,160355,1544,1220,711,2255,104,71,0.68,0.29,0.89,0.88,0.19,57,0.13
122,Gombe,Nigeria,Sub-Saharan Africa,10.29,11.167,416874,3699,3064,1563,5262,113,79,0.7,0.25,0.81,0.78,0.21,36.5,0
123,Lagos,Nigeria,Sub-Saharan Africa,6.21,7.063,11008357,52788,42213,29896,82684,209,133,0.64,0.3,0.79,0.76,0.16,4.4,0
124,Oyo,Nigeria,Sub-Saharan Africa,6.818,3.916,452477,3704,2776,2229,5933,122,76,0.62,0.31,0.87,0.87,0.15,5.7,0
125,Ibadan,Nigeria,Sub-Saharan Africa,7.388,3.896,2954967,36811,32352,12310,49121,80,60,0.75,0.17,0.94,0.93,0.12,14,0
126,Pyongyang,Korea Dem. Rep.,East Asia and the Pacific,39.045,125.767,1996172,11463,8642,6522,17985,174,111,0.64,0.33,0.83,0.82,0.18,3.6,0
127,Sialkot,Pakistan,South and Central Asia,32.508,74.524,1023264,5699,4018,3922,9620,180,106,0.59,0.37,0.88,0.87,0.17,19.4,0
128,Lahore,Pakistan,South and Central Asia,31.514,74.314,9682207,24775,20240,12367,37142,391,261,0.67,0.28,0.86,0.84,0.24,23,0
129,Karachi,Pakistan,South and Central Asia,24.9,67.075,12787536,35018,31400,10309,45327,365,282,0.77,0.18,0.87,0.86,0.23,74,0.13
130,Tel_Aviv,Israel,Western Asia and North Africa,32.077,34.839,2774395,33397,24419,20922,54319,83,51,0.61,0.32,0.78,0.77,0.22,7.7,0
131,Cebu_City,Philippines,Southeast Asia,10.322,123.907,2391839,12462,9488,6396,18858,192,127,0.66,0.3,0.66,0.64,0.14,1,0
132,Manila,Philippines,Southeast Asia,14.579,121.028,19485398,70334,53883,40077,110411,277,176,0.64,0.3,0.68,0.68,0.22,26.5,0
133,Bacolod,Philippines,Southeast Asia,10.664,122.961,443456,3297,2608,1628,4925,134,90,0.67,0.31,0.83,0.81,0.21,19.4,0.08
134,Warsaw,Poland,Europe and Japan,52.234,21.024,2298450,47779,37142,26500,74279,48,31,0.64,0.31,0.79,0.76,0.15,17.4,0.05
135,Astrakhan,Russia,Europe and Japan,46.34,48.02,567629,14857,11514,7459,22316,38,25,0.67,0.31,0.77,0.75,0.2,27.1,0.05
136,Saint_Petersburg,Russia,Europe and Japan,59.911,30.348,5070516,68500,54051,32235,100735,74,50,0.68,0.3,0.73,0.7,0.21,6.1,0.05
137,Moscow,Russia,Europe and Japan,55.743,37.645,15220986,223436,160937,134160,357596,68,43,0.62,0.34,0.73,0.71,0.15,22,0.03
138,Dzerzhinsk,Russia,Europe and Japan,56.241,43.455,183841,5047,4354,1813,6860,36,27,0.74,0.26,0.58,0.59,0.17,9.5,0
139,Berezniki,Russia,Europe and Japan,59.415,56.795,112760,4276,3335,2405,6681,26,17,0.64,0.34,0.91,0.89,0.32,30.8,0
140,Tyumen,Russia,Europe and Japan,57.16,65.551,557794,13171,10296,6029,19200,42,29,0.69,0.28,0.81,0.79,0.19,18.5,0.03
141,Kigali,Rwanda,Sub-Saharan Africa,9.927,8.88,821881,8272,5987,5607,13880,99,59,0.6,0.33,0.87,0.86,0.14,4.7,0
142,Belgrade,Serbia,Europe and Japan,44.798,20.447,963946,12565,9819,6522,19087,77,51,0.66,0.31,0.76,0.74,0.14,6.9,0.03
143,Port_Elizabeth,South Africa,Sub-Saharan Africa,13.052,5.23,952747,18141,14668,8910,27051,53,35,0.67,0.31,0.68,0.67,0.17,16.5,0
144,Johannesburg,South Africa,Sub-Saharan Africa,6.842,3.634,8000159,181191,157588,81377,262568,44,30,0.69,0.25,0.89,0.87,0.18,14.2,0.03
145,Gwangju,Korea Rep.,East Asia and the Pacific,35.146,126.919,1368716,16033,13831,5632,21664,85,63,0.74,0.23,0.89,0.88,0.25,18.9,0
146,Jinju,Korea Rep.,East Asia and the Pacific,35.187,128.107,317194,13432,7806,9958,23390,24,14,0.57,0.43,0.6,0.59,0.17,20.6,0
147,Madrid,Spain,Europe and Japan,40.413,-3.707,5256249,56019,44305,28387,84407,94,62,0.66,0.28,0.75,0.73,0.29,25.9,0.05
148,Khartoum,Sudan,Western Asia and North Africa,15.552,32.532,5061792,58271,52682,16026,74297,87,68,0.78,0.18,0.76,0.74,0.23,60.3,0.08
149,Lausanne,Switzerland,Europe and Japan,46.516,6.633,306229,6495,5302,2701,9196,47,33,0.71,0.29,0.73,0.72,0.24,6.7,0
150,Taipei,China,East Asia and the Pacific,25.047,121.546,8591170,70235,52099,40291,110526,122,78,0.64,0.3,0.71,0.7,0.18,7.9,0
151,Arusha,Tanzania,Sub-Saharan Africa,36.695,-3.37,377169,1563,761,1666,3229,241,117,0.48,0.48,0.83,0.82,0.1,11.4,0
152,Bangkok,Thailand,Southeast Asia,13.778,100.538,14011131,172912,122660,121550,294462,81,48,0.59,0.36,0.82,0.8,0.22,9.5,0.03
153,Kairoua,Tunisia,Western Asia and North Africa,35.673,10.096,127570,1661,1555,384,2044,77,62,0.81,0.18,0.93,0.92,0.25,52.3,0
154,Istanbul,Turkey,Western Asia and North Africa,40.981,29.065,13974428,102589,92509,29017,131606,136,106,0.78,0.17,0.58,0.58,0.28,14.8,0.05
155,Kayseri,Turkey,Western Asia and North Africa,38.724,35.48,673805,10054,6611,7774,17828,67,38,0.56,0.39,0.73,0.72,0.27,37.2,0
156,Malatya,Turkey,Western Asia and North Africa,38.35,38.27,394722,5147,3653,3397,8544,77,46,0.6,0.37,0.59,0.58,0.28,14.2,0
157,Kampala,Uganda,Sub-Saharan Africa,0.315,32.585,3017000,30040,21223,21280,51321,100,59,0.59,0.35,0.75,0.72,0.12,5.3,0
158,Nikolaev,Ukraine,Europe and Japan,46.974,32.029,334691,6566,5375,2583,9149,51,37,0.72,0.28,0.74,0.72,0.15,15.8,0
159,Rovno,Ukraine,Europe and Japan,50.624,26.248,286691,6201,4127,3277,9477,46,30,0.65,0.34,0.65,0.64,0.15,11.8,0
160,Manchester,United Kingdom,Europe and Japan,53.47,-2.474,2585614,51040,41675,27656,78696,51,33,0.65,0.31,0.84,0.83,0.19,8.3,0
161,London,United Kingdom,Europe and Japan,51.506,-0.139,11197941,177273,151304,73498,250771,63,45,0.71,0.25,0.82,0.79,0.1,10.4,0
162,Modesto,United States,Land-Rich Developed Countries,37.649,-120.993,458146,22728,18630,10247,32976,20,14,0.69,0.25,0.67,0.64,0.29,26.5,0
163,Gainesville,United States,Land-Rich Developed Countries,29.661,-82.377,175756,7663,3927,7182,14845,23,12,0.52,0.47,0.84,0.83,0.18,4.9,0
164,Chicago,United States,Land-Rich Developed Countries,41.86,-87.864,8913778,510972,440661,189867,700838,17,13,0.73,0.21,0.85,0.84,0.25,11.8,0
165,Springfield,United States,Land-Rich Developed Countries,37.19,-93.293,530272,36637,22210,31017,67653,14,8,0.54,0.41,0.81,0.79,0.16,8.5,0
166,Minneapolis,United States,Land-Rich Developed Countries,44.959,-93.256,2626920,142874,98968,108383,251256,18,10,0.57,0.38,0.88,0.87,0.21,5.4,0
167,Raleigh,United States,Land-Rich Developed Countries,35.807,-78.675,1188416,78270,41155,80658,158928,15,7,0.49,0.47,0.78,0.77,0.19,5.7,0
168,Portland,United States,Land-Rich Developed Countries,45.52,-122.666,1904409,88455,75185,40068,128523,22,15,0.69,0.26,0.84,0.83,0.2,4.4,0
169,Killeen,United States,Land-Rich Developed Countries,31.112,-97.732,225248,17686,12421,12880,30566,13,7,0.58,0.38,0.82,0.8,0.23,6.9,0.03
170,Houston,United States,Land-Rich Developed Countries,29.78,-95.386,5399338,272394,217995,150754,423148,20,13,0.64,0.3,0.87,0.85,0.2,8.9,0
171,Bukhara,Uzbekistan,South and Central Asia,39.763,64.465,369044,14153,9827,7483,21636,26,17,0.65,0.36,0.76,0.76,0.15,3.2,0
172,Tashkent,Uzbekistan,South and Central Asia,41.297,69.233,3428914,63449,47173,38551,102000,54,34,0.62,0.31,0.68,0.64,0.12,7.3,0
173,Caracas,Venezuela,Latin America and the Caribbean,10.479,-66.897,3104392,16352,13283,7851,24202,190,128,0.68,0.26,0.77,0.77,0.21,2.8,0
174,Cabimas,Venezuela,Latin America and the Caribbean,10.284,-71.37,460894,9488,8194,3452,12940,49,36,0.73,0.23,0.36,0.38,0.21,22.3,0.08
175,Ho_Chi_Minh_City,Vietnam,Southeast Asia,10.83,106.713,10187671,63478,47604,35913,99391,160,103,0.64,0.32,0.74,0.73,0.15,6.8,0.03
176,Vinh_Long,Vietnam,Southeast Asia,10.25,105.967,222220,3794,2324,2689,6483,59,34,0.59,0.43,0.7,0.68,0.1,6.3,0
177,Sana,Yemen,Western Asia and North Africa,15.363,44.208,2258322,22113,15395,14277,36390,102,62,0.61,0.31,0.7,0.69,0.28,15.4,0
178,Ndola,Zambia,Sub-Saharan Africa,-12.981,28.634,443327,4738,3702,3048,7786,94,57,0.61,0.36,0.81,0.8,0.13,22.3,0
179,Tianjin,China,East Asia and the Pacific,39.142,117.189,10056078,152442,111533,83849,236292,66,43,0.65,0.33,0.76,0.74,0.23,15.9,0
180,Beijing,China,East Asia and the Pacific,39.92,116.37,20669397,265434,175362,190250,455684,78,45,0.58,0.34,0.8,0.77,0.26,34.6,0.03
181,Cheonan,Korea Rep.,East Asia and the Pacific,36.826,127.144,552995,9037,4528,8014,17051,61,32,0.53,0.44,0.66,0.64,0.26,15.2,0
182,Shenzhen,China,East Asia and the Pacific,24.316,116.112,10945126,78521,70152,25598,104119,139,105,0.75,0.21,0.68,0.67,0.25,82.4,0
183,Hangzhou,China,East Asia and the Pacific,30.305,120.168,10446329,196261,108115,175928,372189,53,28,0.53,0.44,0.84,0.83,0.27,23.9,0.03
184,Hong_Kong,China,East Asia and the Pacific,22.346,114.183,4322119,9254,7487,3024,12278,467,352,0.75,0.27,0.69,0.68,0.2,7.9,0.03
185,Kaiping,China,East Asia and the Pacific,22.38,112.688,191749,2045,1196,1183,3227,94,59,0.63,0.43,0.86,0.84,0.24,49.5,0
186,Guangzhou,China,East Asia and the Pacific,22.936,113.608,24657221,323148,237094,185112,508259,76,49,0.64,0.34,0.79,0.77,0.19,9.7,0
187,Los_Angeles,United States,Land-Rich Developed Countries,33.971,-117.969,15138973,459047,424453,126855,585902,33,26,0.78,0.17,0.74,0.73,0.26,8.2,0
188,Sheffield,United Kingdom,Europe and Japan,53.454,-1.356,1166836,27394,20908,16391,43785,43,27,0.63,0.35,0.67,0.67,0.17,6.4,0
189,New_York,United States,Land-Rich Developed Countries,40.842,-73.798,18412093,747852,666185,203251,951103,25,19,0.79,0.18,0.7,0.69,0.13,1.8,0
190,Philadelphia,United States,Land-Rich Developed Countries,40.015,-75.168,5852880,298214,222643,193646,491860,20,12,0.61,0.34,0.81,0.79,0.15,5.2,0
191,Riyadh,Saudi Arabia,Western Asia and North Africa,24.686,46.742,5552240,95861,84857,31945,127805,58,43,0.75,0.19,0.91,0.9,0.35,4.9,0
192,Singapore,Singapore,Southeast Asia,1.29,103.85,5085789,27392,22311,14646,42039,186,121,0.65,0.33,0.74,0.75,0.26,16.2,0.1
193,Zhuji,China,East Asia and the Pacific,29.725,120.237,979670,43826,19667,45343,89168,22,11,0.49,0.5,0.76,0.74,0.23,17.7,0
194,Guixi,China,East Asia and the Pacific,30.332,107.348,198120,1862,1374,1070,2931,106,68,0.64,0.32,0.79,0.78,0.18,5.8,0
195,Toledo,United States,Land-Rich Developed Countries,41.655,-83.602,489974,33057,23668,22984,56042,15,9,0.59,0.37,0.92,0.91,0.18,3.3,0
196,Cleveland,United States,Land-Rich Developed Countries,41.47,-81.636,1865023,116854,88282,75302,192157,16,10,0.61,0.32,0.71,0.7,0.16,10.9,0
197,Chongqing,China,East Asia and the Pacific,29.595,106.231,238159,5019,3512,2798,7816,47,30,0.64,0.33,0.49,0.5,0.28,11.1,0
198,Seoul,Korea Rep.,East Asia and the Pacific,37.495,126.939,23711624,199578,151051,115171,314748,119,75,0.63,0.3,0.8,0.79,0.2,14.9,0
199,Busan,Korea Rep.,East Asia and the Pacific,35.167,129.036,3974065,32657,25259,15228,47885,122,83,0.68,0.31,0.65,0.64,0.29,18.3,0
