areaID,share_of_barrier_5km_nb,nonconvexity_5km_nb,share_of_barrier_10km_nb,nonconvexity_10km_nb,share_of_barrier_10km_b,nonconvexity_10km_b,detour_5km_nb,detour_5km_b,detour_10km_b,detour_10km_nb,nonconvexity_elastic_nb,nonconvexity_elastic_b,share_barrier_elastic_nb,share_barrier_elastic_b
0,0.074379149,0.054101542,0.059639425,0.055882361,0.059639425,0.055882361,0.62319775,0.62319775,0.553709854,0.553709854,0.065578356,0.065578356,0.106561355,0.106561355
1,0.126350186,0.001618697,0.218538902,0.013643157,0.218538902,0.013643157,0.697002977,0.697002977,0.602582337,0.602582337,0.019880215,0.019880215,0.383619975,0.383619975
2,0.004372384,0.001122924,0.009491264,0.005002064,0.009491264,0.005002064,0.771814688,0.771814688,0.80643315,0.80643315,0.002587878,0.002587878,0.004099019,0.004099019
3,0,0,0.00064211,8.34E-07,0.00064211,8.34E-07,0.591457862,0.591457862,0.530123896,0.530123896,0.00953618,0.00953618,0.320511456,0.320511456
4,0,0,0,0,0,0,0.380005877,0.380005877,0.376587787,0.376587787,0.034774955,0.034774955,0.2376342,0.2376342
5,0,0,0.000317325,0.000118687,0.000317325,0.000118687,0.487578446,0.487578446,0.570295036,0.570295036,0.001545414,0.001545414,0.00209695,0.00209695
6,0.00024831,7.65E-05,0.023667983,0.007710807,0.023667983,0.007710807,0.489874739,0.489874739,0.432926338,0.432926338,0.023675261,0.023675261,0.226399163,0.226399163
7,0.001091974,0.001571493,0.018367081,0.005304179,0.018367081,0.005304179,0.556973144,0.556973144,0.477840122,0.477840122,0.021433469,0.021433469,0.020878192,0.020878192
8,0.101055509,0.003424715,0.182073494,0.073530182,0.182073494,0.073530182,0.699185129,0.699185129,0.661782418,0.661782418,0.071691535,0.071691535,0.267271962,0.267271962
9,0.156955694,0.080663294,0.23677871,0.139904425,0.23677871,0.139904425,0.730970027,0.730970027,0.766484921,0.414744674,0.150934353,0.150934353,0.200008743,0.200008743
10,0.174234224,0.087830201,0.101782927,0.089254268,0.222779682,0.07785482,0.401293857,0.401293857,0.408132711,0.408132711,0.081857741,0.081857741,0.242256918,0.242256918
11,0.000871163,0.001241237,0.000903445,0.000845689,0.000903445,0.000845689,0.64657973,0.64657973,0.612577556,0.612577556,0.00819346,0.00819346,0.009336376,0.009336376
12,0.000489183,0.000355563,0.018353444,0.016576145,0.018353444,0.016576145,0.622880387,0.622880387,0.626552842,0.626552842,0.026570896,0.026570896,0.023441904,0.023441904
13,0.000506885,0.00096941,0.002538103,0.00128512,0.002538103,0.00128512,0.3930455,0.3930455,0.385434104,0.385434104,0.011462091,0.011462091,0.015722264,0.015722264
14,0.041745063,0.01772608,0.044832282,0.038535051,0.044832282,0.038535051,0.52909887,0.52909887,0.661630123,0.661630123,0.08379107,0.08379107,0.155982873,0.155982873
15,0.473669822,0.089484572,0.50048737,0.037134964,0.50048737,0.037134964,1.066361753,1.066361753,1.126839091,1.126839091,0.098601475,0.098601475,0.477540256,0.477540256
16,0.048240692,0.014206335,0.073200586,0.056659203,0.073200586,0.056659203,0.676270923,0.676270923,0.688210828,0.688210828,0.021739658,0.021739658,0.05515601,0.05515601
17,0,0,0.0055692,0.005406553,0.0055692,0.005406553,0.632950425,0.632950425,0.510837385,0.510837385,0.016844889,0.016844889,0.022560212,0.022560212
18,0.000914053,1.09E-05,0.001847396,0.001167751,0.001847396,0.001167751,0.406500703,0.406500703,0.367420969,0.367420969,0.012955262,0.012955262,0.018675135,0.018675135
19,0.427838468,0.042524483,0.501478595,0.151629135,0.501478595,0.151629135,0.616579027,0.616579027,0.626587568,0.626587568,0.133918792,0.133918792,0.514630125,0.514630125
20,0,0,0.000313642,6.21E-05,0.000313642,6.21E-05,0.480498837,0.480498837,0.428697505,0.428697505,0.045137782,0.045137782,0.136600682,0.136600682
21,0.000863939,0.000608842,0.000284444,0.000423995,0.000284444,0.000423995,0.524613682,0.524613682,0.590638731,0.590638731,0.001105914,0.001105914,0.0019469,0.0019469
22,0.00289552,0.003222153,0.042079266,0.015315338,0.042079266,0.015315338,0.528578503,0.528578503,0.695070526,0.695070526,0.005326959,0.005326959,0.010482125,0.010482125
23,0.118399276,0.017329218,0.564755725,0.05223123,0.564755725,0.05223123,0.326637121,0.326637121,0.390776314,0.390776314,0.069501087,0.069501087,0.625962887,0.625962887
24,0.017972036,0.003600432,0.039305387,0.019447625,0.039305387,0.019447625,0.618553066,0.618553066,0.526242188,0.526242188,0.086642735,0.086642735,0.074898112,0.074898112
25,6.24E-05,0.000110459,0.00720997,0.005357886,0.00720997,0.005357886,0.424946095,0.424946095,0.42053693,0.42053693,0.085546754,0.085546754,0.222184956,0.222184956
26,0.016611266,0.008079782,0.151226728,0.080594145,0.151226728,0.080594145,0.661984471,0.661984471,0.825257659,0.825257659,0.126951396,0.126951396,0.1738495,0.1738495
27,0.002897857,0.001757659,0.005275361,0.003096559,0.005275361,0.003096559,0.567253183,0.567253183,0.685569196,0.685569196,0.042182207,0.042182207,0.042684761,0.042684761
28,0.044825971,0.031783652,0.073247753,0.051270567,0.073247753,0.051270567,0.850913066,0.850913066,1.221281322,1.221281322,0.037629746,0.037629746,0.051647978,0.051647978
29,0.004151114,0.0007118,0.01102066,0.008638874,0.01102066,0.008638874,0.891369658,0.891369658,0.897816657,0.897816657,0.018584039,0.018584039,0.027194458,0.027194458
30,0.05407606,0.007065015,0.196819538,0.036830757,0.196819538,0.036830757,0.629361573,0.629361573,0.631040439,0.631040439,0.059273802,0.059273802,0.363082994,0.363082994
31,5.77E-05,8.74E-05,0.001404147,0.000815287,0.001404147,0.000815287,0.613131299,0.613131299,0.528738596,0.528738596,0.013387755,0.013387755,0.012124197,0.012124197
32,0,0,0.00024893,6.70E-05,0.00024893,6.70E-05,0.539520568,0.539520568,0.452357891,0.452357891,0.005054774,0.005054774,0.006403562,0.006403562
33,0.09449455,0.069557473,0.110233568,0.082800351,0.110233568,0.082800351,0.941409224,0.941409224,0.581609256,0.581609256,0.128724724,0.128724724,0.129855192,0.129855192
34,0.044990387,0.038092952,0.03120216,0.029960781,0.03120216,0.029960781,0.592460265,0.592460265,0.630782486,0.630782486,0.041180745,0.041180745,0.045684698,0.045684698
35,0.003575131,0.000647169,0.001710798,0.002169717,0.001710798,0.002169717,0.516864255,0.516864255,0.413071493,0.413071493,0.034264449,0.034264449,0.083955458,0.083955458
36,0.016668931,0.001265758,0.102943161,0.046831354,0.102943161,0.046831354,0.527774657,0.527774657,0.725635732,0.725635732,0.018950785,0.018950785,0.038494536,0.038494536
37,0.134759369,0.011005329,0.258062759,0.022521125,0.258062759,0.022521125,0.51916519,0.51916519,0.681018902,0.681018902,0.035570368,0.035570368,0.088061983,0.088061983
38,0,0,0.012111715,0.003273261,0.012111715,0.003273261,0.793695169,0.793695169,0.714678271,0.714678271,0.015813837,0.015813837,0.022586942,0.022586942
39,0,0,0.000126712,2.23E-05,0.000126712,2.23E-05,0.480862131,0.480862131,0.587019602,0.587019602,0,0,0.000182363,0.000182363
40,0.006203997,0.00335385,0.019678629,0.010557674,0.019678629,0.010557674,0.510025326,0.510025326,0.509843392,0.509843392,0.027510697,0.027510697,0.03193749,0.03193749
41,0.000182466,0.00029644,4.56E-05,8.96E-05,4.56E-05,8.96E-05,0.566586714,0.566586714,0.566873985,0.566873985,0.001181413,0.001181413,0.001352458,0.001352458
42,0.000484071,0.000578081,0.082854004,0.016577076,0.082854004,0.016577076,0.658829271,0.658829271,0.525669244,0.525669244,0.107553117,0.107553117,0.354610591,0.354610591
43,0.000384153,0.000307958,0.001504352,0.000917061,0.001504352,0.000917061,0.670765509,0.670765509,0.555318559,0.555318559,0.114465237,0.114465237,0.562693461,0.562693461
44,0,0,0.016990044,0.001426798,0.016990044,0.001426798,0.433092242,0.433092242,0.598243642,0.598243642,0.01393749,0.01393749,0.034128002,0.034128002
45,0.000188047,6.70E-05,4.70E-05,7.37E-05,4.70E-05,7.37E-05,0.456864781,0.456864781,0.395943373,0.395943373,0.015209789,0.015209789,0.023183344,0.023183344
46,0.042424838,0.026046006,0.026755717,0.027763505,0.026755717,0.027763505,1.190467924,1.190467924,0.934796442,0.934796442,0.074555084,0.074555084,0.071353871,0.071353871
47,0.007884156,0.007927594,0.004017554,0.005232785,0.004017554,0.005232785,0.70560964,0.70560964,0.918848062,0.918848062,0.047561064,0.047561064,0.04114198,0.04114198
48,0.219744138,0.0555101,0.476429688,0.08887732,0.476429688,0.08887732,0.956812469,0.956812469,0.932588323,0.932588323,0.116686679,0.116686679,0.493151462,0.493151462
49,0,0,0.057024388,0.018004242,0.057024388,0.018004242,0.610396461,0.610396461,0.771842612,0.771842612,0.000171594,0.000171594,0.001391889,0.001391889
50,0,0,0.043837741,0.01118915,0.043837741,0.01118915,0.598181986,0.598181986,0.569330964,0.569330964,0.088887155,0.088887155,0.137242444,0.137242444
51,0.0024495,0.000134995,0.008924374,0.008452655,0.008924374,0.008452655,0.495443288,0.495443288,0.579404263,0.579404263,0.003520928,0.003520928,0.012178938,0.012178938
52,0.002221022,0.002966309,0.000646098,0.001027882,0.000646098,0.001027882,0.508387399,0.508387399,0.452660794,0.452660794,0.001388734,0.001388734,0.001251068,0.001251068
53,0,0,0.018694574,0.001410234,0.018694574,0.001410234,0.618867933,0.618867933,0.577001122,0.577001122,0.081140831,0.035177846,0.091429608,0.409114428
54,0.110794461,0.026980257,0.126527701,0.110114053,0.126527701,0.110114053,1.059442669,1.059442669,1.221365442,1.221365442,0.113441586,0.113441586,0.192293761,0.192293761
55,0.080541126,0.029095273,0.137151396,0.064704821,0.137151396,0.064704821,1.074455923,1.074455923,0.853049764,0.853049764,0.069247179,0.069247179,0.313863679,0.313863679
56,0,0,1.62E-05,1.12E-05,1.62E-05,1.12E-05,0.830503668,0.830503668,0.638463052,0.638463052,0.011282338,0.011282338,0.009742334,0.009742334
57,0.032550923,0.007559704,0.05673737,0.031148853,0.05673737,0.031148853,0.786594876,0.786594876,0.754784476,0.754784476,0.057857141,0.057857141,0.115401206,0.115401206
58,0,0,0.001594303,0.001540311,0.001594303,0.001540311,0.539867415,0.539867415,0.503923,0.503923,0.014837395,0.014837395,0.030048883,0.030048883
59,0,0,0.006063639,0.001904905,0.006063639,0.001904905,0.643018519,0.643018519,0.772207608,0.772207608,0.046201378,0.046201378,0.295453747,0.295453747
60,0.006199509,0.006008537,0.006805267,0.006752994,0.006805267,0.006752994,0.481929719,0.481929719,0.460652962,0.460652962,0.008379734,0.008379734,0.007418287,0.007418287
61,0.002051462,0.000969724,0.002814794,0.002195621,0.002814794,0.002195621,0.582651088,0.582651088,0.542453266,0.542453266,0.005946202,0.005946202,0.006974734,0.006974734
62,0.012119475,0.011962128,0.004958308,0.006533212,0.004958308,0.006533212,0.404476067,0.404476067,0.352101779,0.352101779,0.027459616,0.027459616,0.031827209,0.031827209
63,0.003512222,0.001963055,0.005015987,0.005856486,0.005015987,0.005856486,0.712127738,0.712127738,0.641938643,0.641938643,0.009271979,0.009271979,0.010454059,0.010454059
64,0.003250435,0.004944328,0.006905771,0.005881824,0.006905771,0.005881824,0.725055293,0.725055293,0.653964773,0.653964773,0.014299919,0.014299919,0.015989652,0.015989652
65,0.097652468,0.000257173,0.273705954,0.000951022,0.273705954,0.000951022,0.782964446,0.782964446,0.708835204,0.708835204,0.010106207,0.010106207,0.471355745,0.471355745
66,0.073136006,0.003458333,0.156656891,0.032730293,0.156656891,0.032730293,0.558102883,0.558102883,0.566050836,0.566050836,0.04125404,0.04125404,0.157181341,0.157181341
67,0,0,0.016594831,0.008324997,0.016594831,0.008324997,0.887062309,0.887062309,0.788975527,0.788975527,0.04006492,0.04006492,0.097056395,0.097056395
68,0.024308588,0.010172066,0.028255155,0.024128051,0.028255155,0.024128051,0.425424208,0.425424208,0.442148971,0.442148971,0.022069944,0.022069944,0.021443515,0.021443515
69,0.020191059,0.017745905,0.020553109,0.016970843,0.020553109,0.016970843,0.651018027,0.651018027,0.564591422,0.564591422,0.064147532,0.064147532,0.122139078,0.122139078
70,0.042013564,0.017929042,0.062762872,0.044357136,0.062762872,0.044357136,0.686758321,0.686758321,0.677676903,0.677676903,0.047824409,0.047824409,0.064782497,0.064782497
71,0.0025429,0.002649906,0.000670075,0.001174393,0.000670075,0.001174393,0.411723191,0.411723191,0.436124451,0.436124451,0.003710028,0.003710028,0.003586797,0.003586797
72,0.002124132,0.003651452,0.002141455,0.00238502,0.002141455,0.00238502,0.571844413,0.571844413,0.533302815,0.533302815,0.00548491,0.00548491,0.006832604,0.006832604
73,0.001207905,0.000645856,0.207242751,0.009953424,0.207242751,0.009953424,0.488544984,0.488544984,0.481047871,0.481047871,0.011082218,0.011082218,0.202543317,0.202543317
74,0.061482761,0.010276017,0.203358138,0.028881671,0.203358138,0.028881671,0.82771069,0.82771069,1.050204053,1.050204053,0.005229178,0.005229178,0.050405693,0.050405693
75,0.000803009,0.001374005,0.0070976,0.003854697,0.0070976,0.003854697,0.656079492,0.656079492,0.669822872,0.669822872,0.011095315,0.011095315,0.008629124,0.008629124
76,0.036360716,0.000828034,0.258134624,0.021628564,0.258134624,0.021628564,0.685078377,0.685078377,0.597206376,0.597206376,0.124278232,0.124278232,0.511672716,0.511672716
77,0.000209602,0.000119466,0.001352264,0.000158632,0.001352264,0.000158632,0.624427018,0.624427018,0.640819135,0.640819135,0.002306804,0.002306804,0.002329939,0.002329939
78,0,0,0,0,0,0,0.607918051,0.607918051,0.655429544,0.655429544,0,0,0.000233177,0.000233177
79,0.000657419,0.000414277,0.002240243,0.001760754,0.002240243,0.001760754,0.593827155,0.593827155,0.463811652,0.463811652,0.025523294,0.025523294,0.039138931,0.039138931
80,0,0,0.004345779,0.002554962,0.004345779,0.002554962,0.584384463,0.584384463,0.484071302,0.484071302,0.003509328,0.003509328,0.003599191,0.003599191
81,0.010418378,0.001123443,0.00638169,0.007859646,0.00638169,0.007859646,0.602784194,0.602784194,0.543036854,0.543036854,0.011845077,0.011845077,0.010873272,0.010873272
82,0.004376652,0.005783741,0.016579224,0.011202577,0.016579224,0.011202577,0.665848376,0.665848376,0.539381026,0.539381026,0.016907161,0.016907161,0.023517519,0.023517519
83,0,0,0.022483943,0.011843685,0.022483943,0.011843685,0.501812249,0.501812249,0.541596471,0.541596471,0.019664468,0.019664468,0.023500962,0.023500962
84,0,0,1.66E-05,1.05E-06,1.66E-05,1.05E-06,0.777471661,0.777471661,0.663924425,0.663924425,0.000289759,0.000289759,0.000782069,0.000782069
85,0.004361247,0.003286034,0.04207227,0.02049469,0.04207227,0.02049469,0.460398432,0.460398432,0.483667519,0.483667519,0.060432546,0.060432546,0.064719487,0.064719487
86,0.155770386,0.000529945,0.288355819,0.011146677,0.288355819,0.011146677,0.661364253,0.661364253,0.619782421,0.619782421,0.022336412,0.022336412,0.315971262,0.315971262
87,0.262301531,0.085837334,0.278802939,0.081830435,0.278802939,0.081830435,0.909347229,0.909347229,0.907178909,0.907178909,0.085708544,0.085708544,0.289314922,0.289314922
88,0,0,0.015578815,0.003644291,0.015578815,0.003644291,0.774821495,0.774821495,0.669303062,0.669303062,0.026485406,0.026485406,0.035885506,0.035885506
89,0.00022445,0.000100254,7.47E-05,9.90E-05,7.47E-05,9.90E-05,0.662625994,0.662625994,0.570779319,0.570779319,0.002606635,0.002606635,0.021990877,0.021990877
90,0,0,5.58E-05,3.90E-05,5.58E-05,3.90E-05,0.637194711,0.637194711,0.675885965,0.675885965,0.027339423,0.027339423,0.044670114,0.044670114
91,0,0,0.019900229,0.003411834,0.019900229,0.003411834,0.739511,0.739511,0.75746183,0.75746183,0.000177394,0.000177394,0.002841548,0.002841548
92,0.033847804,0.005354757,0.031072587,0.025683917,0.031072587,0.025683917,0.785839271,0.785839271,0.680389727,0.680389727,0.025124161,0.025124161,0.027035449,0.027035449
93,0,0,0.00149436,0.000729327,0.00149436,0.000729327,0.686328623,0.686328623,0.816750118,0.816750118,0.001065987,0.001065987,0.002099394,0.002099394
94,0,0,7.59E-05,2.29E-05,7.59E-05,2.29E-05,0.720893462,0.720893462,0.639245363,0.639245363,0.067032635,0.067032635,0.208518673,0.208518673
95,0.046965134,0.032554224,0.026593171,0.030015878,0.026593171,0.030015878,0.728891545,0.728891545,0.536217264,0.536217264,0.011802608,0.011802608,0.011691939,0.011691939
96,0,0,2.63E-05,1.34E-05,2.63E-05,1.34E-05,0.52764746,0.52764746,0.446522132,0.446522132,0.042996142,0.043203305,0.157921866,0.171337861
97,0.125742123,0.019340184,0.38675953,0.157367662,0.38675953,0.157367662,0.61084205,0.61084205,0.958511809,0.958511809,0.196504906,0.196504906,0.505262495,0.505262495
98,0.050857689,0.006437507,0.169305878,0.038598802,0.169305878,0.038598802,0.447187053,0.447187053,0.407138471,0.407138471,0.104202174,0.104202174,0.277522091,0.277522091
99,0.002218891,0.000880558,0.049207402,0.023419403,0.049207402,0.023419403,0.46900868,0.46900868,0.451338001,0.451338001,0.046156023,0.046156023,0.104173709,0.104173709
100,0.009101651,0.004127176,0.06267128,0.019401079,0.06267128,0.019401079,0.439454517,0.439454517,0.458539693,0.458539693,0.093797594,0.093797594,0.207510785,0.207510785
101,0.000177942,0.000327501,0.005411977,0.002373596,0.005411977,0.002373596,0.328559247,0.328559247,0.353650015,0.353650015,0.120424211,0.120424211,0.260043113,0.260043113
102,0.049610535,0.039920542,0.079582559,0.055507183,0.079582559,0.055507183,0.673633246,0.673633246,0.743527093,0.743527093,0.050560713,0.050560713,0.062196974,0.062196974
103,0,0,1.00E-05,0,1.00E-05,0,0.518703974,0.518703974,0.496933317,0.496933317,0.001512161,0.001512161,0.003667961,0.003667961
104,0.034519882,0.003197431,0.102080798,0.031969476,0.102080798,0.031969476,0.673462302,0.673462302,0.685579031,0.685579031,0.042194244,0.042194244,0.109085558,0.109085558
105,0.046803282,0.038906131,0.073611163,0.046769682,0.073611163,0.046769682,0.794929001,0.794929001,0.688489936,0.688489936,0.051066417,0.051066417,0.06404146,0.06404146
106,0.000372738,0.000312277,0.099776561,0.034292899,0.099776561,0.034292899,0.802705371,0.802705371,0.750156615,0.750156615,0.108689666,0.108689666,0.148818175,0.148818175
107,0.005601267,0.003419011,0.055130799,0.028743789,0.055130799,0.028743789,1.263690352,1.263690352,1.031122995,1.031122995,0.047038052,0.047038052,0.057353682,0.057353682
108,0.048152113,0.006396275,0.047667752,0.045624603,0.047667752,0.045624603,0.60598808,0.60598808,0.628663491,0.628663491,0.039574243,0.039574243,0.036906264,0.036906264
109,0,0,0.013636185,0.009388593,0.069560813,0.010118742,0.7755211,0.7755211,0.604235271,0.656610769,0.018344315,0.020990303,0.110843429,0.313513861
110,0,0,0.000816482,0.000881123,0.000816482,0.000881123,0.573643538,0.573643538,0.423309016,0.423309016,0.042897768,0.042897768,0.057454766,0.057454766
111,0.01049092,0.005522158,0.021928049,0.013983218,0.021928049,0.013983218,0.475750039,0.475750039,0.467024761,0.467024761,0.035709627,0.035709627,0.05012071,0.05012071
112,0.001063356,0.000969283,0.023000932,0.011798637,0.023000932,0.011798637,0.409304889,0.409304889,0.467718595,0.467718595,0.018151738,0.018151738,0.026752209,0.026752209
113,0.014202471,0.018998828,0.009215705,0.011779543,0.140209697,0.012589439,0.582552802,0.582552802,0.583447486,0.56027397,0.022104461,0.020493716,0.020957537,0.12608484
114,0.003623877,0.000854302,0.027327596,0.013066903,0.027327596,0.013066903,0.55340109,0.55340109,0.537796918,0.537796918,0.024706123,0.024706123,0.023550302,0.023550302
115,0,0,9.06E-05,0.000109778,9.06E-05,0.000109778,0.502316214,0.502316214,0.44247649,0.44247649,0.000337613,0.000337613,0.000755171,0.000755171
116,0.037637548,0.000862335,0.135849765,0.041642621,0.135849765,0.041642621,0.583138427,0.583138427,0.855593021,0.855593021,0.060164325,0.060164325,0.146640998,0.146640998
117,0.342576725,0.114482015,0.449733388,0.142368346,0.449733388,0.142368346,0.687915931,0.687915931,0.910883117,0.910883117,0.117445327,0.117445327,0.343420949,0.343420949
118,0.23922595,0.065084308,0.381217243,0.229605466,0.381217243,0.229605466,0.811043383,0.811043383,0.949487866,0.949487866,0.098828442,0.098828442,0.278813057,0.278813057
119,0.02750596,0.016234711,0.016024822,0.018871484,0.016024822,0.018871484,0.769032684,0.769032684,0.794717218,0.794717218,0.037477124,0.037477124,0.036642177,0.036642177
120,0.012301542,0.001128845,0.170157033,0.043162383,0.170157033,0.043162383,0.478440995,0.478440995,0.527971548,0.527971548,0.122823402,0.122823402,0.307504948,0.307504948
121,0.000145595,0.000180624,0.001293548,0.000780104,0.001293548,0.000780104,0.514772629,0.514772629,0.680929423,0.680929423,0,0,0.000247687,0.000247687
122,0.003025011,0.001019209,0.004311,0.005375713,0.004311,0.005375713,0.477633996,0.477633996,0.592837143,0.592837143,0.005545785,0.005545785,0.008673519,0.008673519
123,0,0,0.071239684,0.003534722,0.071239684,0.003534722,0.958689877,0.958689877,0.660095096,0.660095096,0.041789975,0.041789975,0.327024579,0.327024579
124,0,0,0,0,0,0,0.553323879,0.553323879,0.601463491,0.601463491,0.002213108,0.002213108,0.003779251,0.003779251
125,0,0,0.001485745,0.001695014,0.001485745,0.001695014,0.501925856,0.501925856,0.499519768,0.499519768,0.002088089,0.002088089,0.0017971,0.0017971
126,0.050810183,0.030958038,0.05458161,0.051909212,0.05458161,0.051909212,0.680455305,0.680455305,0.67738431,0.67738431,0.05584038,0.05584038,0.049636769,0.049636769
127,0,0,6.31E-05,2.17E-05,6.31E-05,2.17E-05,0.48188071,0.48188071,0.428775443,0.428775443,0.000606586,0.000606586,0.000832792,0.000832792
128,0,0,0.000286953,6.97E-05,0.000286953,6.97E-05,0.497393328,0.497393328,0.472560158,0.472560158,0.00739304,0.00739304,0.009879337,0.009879337
129,0,0,0.013285703,0.001018762,0.013285703,0.001018762,0.632257838,0.632257838,0.458949377,0.458949377,0.020732312,0.020732312,0.230867882,0.230867882
130,0,0,0.004195593,2.88E-05,0.004195593,2.88E-05,0.736020069,0.736020069,0.629312111,0.629312111,0.001708684,0.003696804,0.269101198,0.472970833
131,0.171673389,0.020414475,0.245987048,0.114642419,0.245987048,0.114642419,0.817109625,0.817109625,0.731878385,0.731878385,0.134427726,0.134427726,0.348825326,0.348825326
132,0.00226515,7.44E-05,0.285467855,0.013276904,0.285467855,0.013276904,0.712934334,0.712934334,0.512175093,0.512175093,0.1838056,0.1838056,0.400027644,0.400027644
133,0.210235336,0.004046041,0.340892196,0.005023826,0.340892196,0.005023826,0.592609107,0.592609107,0.662858404,0.662858404,0.005217525,0.005217525,0.245024518,0.245024518
134,0.035035357,0.036232423,0.019617592,0.022613354,0.019617592,0.022613354,0.547430715,0.547430715,0.491137271,0.491137271,0.016087791,0.016087791,0.018603368,0.018603368
135,0.017480516,0.002868057,0.056116639,0.040354483,0.056116639,0.040354483,0.797338183,0.797338183,0.770835198,0.770835198,0.059711155,0.059711155,0.067576509,0.067576509
136,0.024117197,0.003431026,0.093218913,0.043674491,0.093218913,0.043674491,0.601227293,0.601227293,0.521006583,0.521006583,0.062932618,0.062932618,0.126834409,0.126834409
137,0.023174948,0.022654369,0.020858061,0.023624418,0.020858061,0.023624418,0.67056918,0.67056918,0.477976325,0.477976325,0.016089991,0.016089991,0.014037284,0.014037284
138,0.050611394,0.020243777,0.040924478,0.039687935,0.040924478,0.039687935,0.630715369,0.630715369,1.255227208,1.255227208,0.063005634,0.063005634,0.096772997,0.096772997
139,0.10163046,0.030424595,0.117866344,0.073745228,0.117866344,0.073745228,0.817585343,0.817585343,0.689384353,0.689384353,0.061562814,0.061562814,0.150093462,0.150093462
140,0.016311501,0.007486144,0.012638962,0.012465413,0.012638962,0.012465413,0.915607106,0.915607106,0.651737712,0.651737712,0.029084129,0.029084129,0.036295164,0.036295164
141,0.003243987,0.001639465,0.053474,0.027418148,0.053474,0.027418148,0.599718591,0.599718591,0.599461562,0.599461562,0.040611338,0.040611338,0.062781229,0.062781229
142,0.012051903,0.002577474,0.05003699,0.031525489,0.05003699,0.031525489,0.583702183,0.583702183,0.646067378,0.646067378,0.044287488,0.044287488,0.05569948,0.05569948
143,0.035686943,0.010828112,0.133604563,0.028730333,0.133604563,0.028730333,0.712725529,0.712725529,0.590165785,0.590165785,0.033055414,0.033055414,0.316053535,0.316053535
144,0.000349424,0.000506998,0.002748345,0.000383224,0.002748345,0.000383224,0.62222754,0.62222754,0.489602901,0.489602901,0.007583228,0.007583228,0.010930678,0.010930678
145,0.001184855,0.001078857,0.005337432,0.002191774,0.005337432,0.002191774,0.501016334,0.501016334,0.460005263,0.460005263,0.019150326,0.019150326,0.050039432,0.050039432
146,0.491599418,0.193384364,0.535585318,0.330106705,0.535585318,0.330106705,0.975120063,0.975120063,0.822993699,0.822993699,0.273915887,0.273915887,0.540570244,0.540570244
147,0,0,1.43E-05,1.67E-05,1.43E-05,1.67E-05,0.618727991,0.618727991,0.623332631,0.623332631,0.002559795,0.002559795,0.002821455,0.002821455
148,0.040995855,0.024516892,0.035517996,0.027608642,0.035517996,0.027608642,0.738969954,0.738969954,0.556783724,0.556783724,0.040709343,0.040709343,0.036749802,0.036749802
149,0.201783964,0.004733575,0.322823307,0.004648424,0.322823307,0.004648424,0.687267083,0.687267083,0.605634062,0.605634062,0.005732262,0.005732262,0.329223921,0.329223921
150,0.077344036,0.052531272,0.05113498,0.047401652,0.05113498,0.047401652,0.569959986,0.569959986,0.566246665,0.566246665,0.174965948,0.174965948,0.503464319,0.503464319
151,0,0,0.013573487,0.009210273,0.013573487,0.009210273,0.530291875,0.530291875,0.535798912,0.535798912,0.000572864,0.000572864,0.003058888,0.003058888
152,0.023602908,0.016843414,0.018962621,0.018240087,0.018962621,0.018240087,0.719537153,0.719537153,0.543805322,0.543805322,0.019792046,0.019792046,0.210851515,0.210851515
153,0,0,0,0,0,0,0.571634755,0.571634755,0.545234483,0.545234483,0.000297116,0.000297116,0.000422279,0.000422279
154,0.000497485,0,0.058675939,0.021067509,0.058675939,0.021067509,0.70209095,0.70209095,0.618133862,0.618133862,0.146872133,0.146872133,0.599955326,0.599955326
155,0,0,0.027703696,0.01221848,0.027703696,0.01221848,0.614202342,0.614202342,0.556923549,0.556923549,0.008979794,0.008979794,0.025493266,0.025493266
156,0.00083218,8.11E-05,0.051541024,0.012995828,0.051541024,0.012995828,0.538561842,0.538561842,0.583118123,0.583118123,0.004140457,0.004140457,0.01245821,0.01245821
157,0,0,0.034204177,0.001114858,0.034204177,0.001114858,0.42493508,0.42493508,0.47731046,0.47731046,0.038530439,0.038530439,0.107871382,0.107871382
158,0.21667079,0.088012874,0.205581372,0.145847291,0.205581372,0.145847291,0.648977836,0.648977836,0.97010128,0.97010128,0.162891135,0.162891135,0.18098665,0.18098665
159,0.010838002,0.011523625,0.006779742,0.006075442,0.006779742,0.006075442,0.574567807,0.574567807,0.525907858,0.525907858,0.008249362,0.008249362,0.009127579,0.009127579
160,0.001700036,0.000991494,0.002009141,0.002102731,0.002009141,0.002102731,0.676191346,0.676191346,0.56588941,0.56588941,0.007015269,0.007015269,0.009528806,0.009528806
161,0.020974921,0.021072352,0.011494068,0.013490209,0.011494068,0.013490209,0.533700322,0.533700322,0.421537941,0.421537941,0.013519544,0.013519544,0.019802527,0.019802527
162,0.000449298,0.000414686,0.000519789,0.00024128,0.000519789,0.00024128,0.419329669,0.419329669,0.387538923,0.387538923,0.002882552,0.002882552,0.006594198,0.006594198
163,0.008076859,0.002697462,0.022612044,0.003684839,0.022612044,0.003684839,0.437772086,0.437772086,0.579107412,0.579107412,0.00648733,0.00648733,0.038688548,0.038688548
164,0.001015591,0.000740491,0.001801436,0.001556116,0.001801436,0.001556116,0.522892323,0.522892323,0.396299988,0.396299988,0.024696032,0.024696032,0.259582746,0.259582746
165,0.046924069,0.044074513,0.030508299,0.03180315,0.030508299,0.03180315,0.566803728,0.566803728,0.48818139,0.48818139,0.020711575,0.020711575,0.022383682,0.022383682
166,0.050802654,0.028771976,0.036035172,0.039736915,0.036035172,0.039736915,0.442861295,0.442861295,0.460789427,0.460789427,0.052960578,0.052960578,0.059401401,0.059401401
167,0.000626063,0.000889584,0.003172111,0.00172409,0.003172111,0.00172409,0.49594341,0.49594341,0.49006175,0.49006175,0.012927942,0.012927942,0.017936096,0.017936096
168,0.040477585,0.040832479,0.021299348,0.025544832,0.021299348,0.025544832,0.924220472,0.924220472,0.670892245,0.670892245,0.02307108,0.02307108,0.041024175,0.041024175
169,0.00083599,0.000703784,0.000384641,0.00048681,0.000384641,0.00048681,0.488154748,0.488154748,0.537300813,0.537300813,0.001901538,0.001901538,0.007950261,0.007950261
170,0.000129723,0.000107794,0.000215102,0.000182551,0.000215102,0.000182551,0.446662508,0.446662508,0.364225102,0.364225102,0.018994913,0.018994913,0.065403933,0.065403933
171,0.000200119,0.00026675,0.000291623,9.72E-05,0.000291623,9.72E-05,0.657078006,0.657078006,0.647320105,0.647320105,0.001274048,0.001274048,0.002089097,0.002089097
172,0.000280045,0.000292237,0.000533714,0.000202241,0.000533714,0.000202241,0.555029836,0.555029836,0.466405058,0.466405058,0.00371863,0.008304151,0.011024231,0.374143803
173,0.240545386,0.046870545,0.392441119,0.119245857,0.392441119,0.119245857,1.114085247,1.114085247,1.073342833,1.073342833,0.257111967,0.257111967,0.50744629,0.50744629
174,0.221634134,0.001375295,0.334007547,0.00280663,0.334007547,0.00280663,0.420734378,0.420734378,0.57444851,0.57444851,0.004379988,0.004379988,0.290980612,0.290980612
175,0.196187951,0.155878454,0.129268106,0.126046285,0.129268106,0.126046285,1.040118957,1.040118957,0.81124578,0.81124578,0.049705256,0.049705256,0.112405059,0.112405059
176,0.06537417,0.031193055,0.08839793,0.058460906,0.08839793,0.058460906,0.93921143,0.93921143,0.819172569,0.819172569,0.034250468,0.034250468,0.06455724,0.06455724
177,0,0,0.042749319,0.02244316,0.042749319,0.02244316,0.673323187,0.673323187,0.747950787,0.747950787,0.040489875,0.040489875,0.044857333,0.044857333
178,0.000322441,0.00028509,0.008207727,0.00684797,0.008207727,0.00684797,0.52028753,0.52028753,0.586872981,0.586872981,0.007161252,0.007161252,0.010370847,0.010370847
179,0.001703967,0.000443824,0.008908978,0.006289924,0.008908978,0.006289924,0.539574681,0.539574681,0.451558538,0.451558538,0.025902422,0.025902422,0.049138601,0.049138601
180,0.001796972,0.00302949,0.001385298,0.001728749,0.001385298,0.001728749,0.531186078,0.531186078,0.443049466,0.443049466,0.047618661,0.047618661,0.085332455,0.085332455
181,0.009245033,0.005515662,0.027555196,0.019332189,0.027555196,0.019332189,0.661659855,0.661659855,0.567438908,0.567438908,0.022507045,0.022507045,0.031641132,0.031641132
182,0.006535764,0.002518348,0.029743914,0.015801616,0.029743914,0.015801616,0.63707669,0.63707669,0.739844561,0.739844561,0.132419646,0.132330522,0.353794001,0.36064805
183,0.005301356,0.003930697,0.007236443,0.006031787,0.007236443,0.006031787,0.684370961,0.684370961,0.496100393,0.496100393,0.064014971,0.064014971,0.092510479,0.092510479
184,0.272821355,0.132736012,0.334767468,0.220597714,0.334767468,0.220597714,0.95370481,0.95370481,0.804637716,0.804637716,0.266493797,0.271352589,0.677812502,0.684844382
185,0.075476885,0.063397296,0.047123315,0.054833777,0.047123315,0.054833777,0.815340895,0.815340895,0.843312203,0.843312203,0.072847351,0.072847351,0.081787037,0.081787037
186,0.009713783,0.002019009,0.106424334,0.066390559,0.106424334,0.066390559,1.029703721,1.029703721,0.809999291,0.809999291,0.115385957,0.115385957,0.145886009,0.145886009
187,0.003109529,0.001965503,0.017454507,0.003267345,0.017454507,0.003267345,0.688416933,0.688416933,0.592601165,0.592601165,0.106450357,0.106450357,0.281289706,0.281289706
188,4.50E-05,8.52E-05,0.001990953,0.000954132,0.001990953,0.000954132,0.41313869,0.41313869,0.454084048,0.454084048,0.005118608,0.005118608,0.007564347,0.007564347
189,0.001820342,0.000619154,0.052759123,0.023096537,0.052759123,0.023096537,0.570899563,0.570899563,0.549757063,0.549757063,0.058398385,0.058398385,0.285516097,0.285516097
190,0.027461905,0.020767536,0.038954272,0.019784447,0.038954272,0.019784447,0.41998796,0.41998796,0.348017594,0.348017594,0.030205008,0.030205008,0.033190928,0.033190928
191,0,0,0,0,0,0,0.754977307,0.754977307,0.531026156,0.531026156,0.000333856,0.000333856,0.001159649,0.001159649
192,0.076545256,0.003532109,0.320305567,0.050876707,0.320305567,0.050876707,0.625193741,0.625193741,0.597511885,0.597511885,0.148854747,0.102754228,0.532896352,0.633804949
193,0.031798647,0.023865571,0.0217342,0.023577329,0.0217342,0.023577329,0.681183389,0.681183389,0.700202539,0.700202539,0.034548085,0.034548085,0.046604858,0.046604858
194,0.055066708,0.028178262,0.078185551,0.057163,0.078185551,0.057163,0.73273877,0.73273877,1.185977323,1.185977323,0.048731852,0.048731852,0.080396364,0.080396364
195,0.03801706,0.007166571,0.030375621,0.029914768,0.030375621,0.029914768,0.494613511,0.494613511,0.417474064,0.417474064,0.027951747,0.027951747,0.052761216,0.052761216
196,0.001655714,0.001656322,0.082334273,0.002420235,0.082334273,0.002420235,0.723775654,0.723775654,0.418902267,0.418902267,0.01069764,0.01069764,0.299608749,0.299608749
197,0.050929919,0.042228259,0.02862155,0.03286716,0.02862155,0.03286716,1.082117313,1.082117313,0.924492065,0.924492065,0.045463108,0.045463108,0.044277615,0.044277615
198,0.062352675,0.017337676,0.050229401,0.046970818,0.050229401,0.046970818,0.616273179,0.616273179,0.519662251,0.519662251,0.091028474,0.095907539,0.239563396,0.308136878
199,0.136612934,0.063014723,0.221997166,0.128545642,0.221997166,0.128545642,0.687063282,0.687063282,0.505609004,0.505609004,0.144111067,0.144111067,0.513325172,0.513325172
